-- WP-011 synthetic jurisdiction seed. Applied by `pnpm local:seed` after
-- module migrations (tables come from
-- modules/platform-core/migrations/0002-jurisdiction.sql). Idempotent
-- upserts; synthetic data only.
--
-- The section between the jurisdiction markers is emitted by
-- renderJurisdictionSeedSection(jurisdictionPacksV1) in
-- @practicehub/platform-core; a drift test compares this file against a
-- fresh emission, and the DB suite compares the seeded rows back against
-- the TypeScript registry.
-- jurisdiction:generated:begin
-- Generated by @practicehub/platform-core renderJurisdictionSeedSection
-- from jurisdictionPacksV1. Regenerate on any pack change; the drift test
-- and the DB registry-sync test fail on divergence.
INSERT INTO platform_core.jurisdiction_rule_pack
  (jurisdiction, version, effective_on, status, counsel_signoff_ref, change_control_ref, synthetic)
VALUES
  ('FL', 1, DATE '2026-01-01', 'draft', NULL, 'synthetic-ccr-jur-fl-001', true),
  ('floor', 1, DATE '1970-01-01', 'draft', NULL, 'synthetic-ccr-jur-floor-001', true),
  ('IL', 1, DATE '2026-01-01', 'draft', NULL, 'synthetic-ccr-jur-il-001', true),
  ('MN', 1, DATE '2026-01-01', 'draft', NULL, 'synthetic-ccr-jur-mn-001', true),
  ('NV', 1, DATE '2026-01-01', 'draft', NULL, 'synthetic-ccr-jur-nv-001', true),
  ('unknown', 1, DATE '1970-01-01', 'draft', NULL, 'synthetic-ccr-jur-unknown-001', true)
ON CONFLICT (jurisdiction, version) DO UPDATE
SET effective_on = EXCLUDED.effective_on,
    status = EXCLUDED.status,
    counsel_signoff_ref = EXCLUDED.counsel_signoff_ref,
    change_control_ref = EXCLUDED.change_control_ref,
    synthetic = EXCLUDED.synthetic;

INSERT INTO platform_core.jurisdiction_rule
  (jurisdiction, pack_version, topic, obligations, scalars, source_ref, synthetic)
VALUES
  ('FL', 1, 'ai-disclosure', '["ai-disclosure"]'::jsonb, '{}'::jsonb, 'state-matrix sec 10 FDUTPA truthful-AI', true),
  ('FL', 1, 'auto-renewal', '["affirmative-consent-disclosure","one-step-cancellation"]'::jsonb, '{}'::jsonb, 'state-matrix sec 7 Fla. Stat. sec 501.0605', true),
  ('FL', 1, 'biometrics', '["biometric-consent"]'::jsonb, '{}'::jsonb, 'state-matrix sec 9 FL: no BIPA equivalent', true),
  ('FL', 1, 'chd-rights', '[]'::jsonb, '{}'::jsonb, 'state-matrix sec 2 FL: no CHD statute; FDUTPA baseline', true),
  ('FL', 1, 'cpom', '["counsel-structure-review"]'::jsonb, '{}'::jsonb, 'state-matrix sec 11 FL permissive + MSO', true),
  ('FL', 1, 'erx-epcs-pdmp', '["epcs-two-factor","erx-mandate","pdmp-check","prescriber-state-rules"]'::jsonb, '{}'::jsonb, 'state-matrix sec 5 Fla. Stat. sec 456.42', true),
  ('FL', 1, 'genetic-authorization', '["genetic-informed-consent"]'::jsonb, '{}'::jsonb, 'state-matrix sec 3 Fla. Stat. sec 760.40', true),
  ('FL', 1, 'minors-part2', '[]'::jsonb, '{}'::jsonb, 'state-matrix sec 12 R6-SR-121 per-state config', true),
  ('FL', 1, 'recording-consent', '["all-party-consent"]'::jsonb, '{}'::jsonb, 'state-matrix sec 1 Fla. Stat. sec 934.03', true),
  ('FL', 1, 'records-consent', '["written-consent"]'::jsonb, '{}'::jsonb, 'state-matrix sec 4 Fla. Stat. sec 456.057', true),
  ('FL', 1, 'retention', '["legal-hold-override","minor-extended-retention","per-state-retention-clock"]'::jsonb, '{"retention-years-adult":5}'::jsonb, 'state-matrix sec 8 FL Admin Code 64B8-10.002', true),
  ('FL', 1, 'telehealth-licensure', '["hard-block-unlicensed","patient-presence-state-licensure"]'::jsonb, '{}'::jsonb, 'state-matrix sec 6 FL license or telehealth registration', true),
  ('floor', 1, 'ai-disclosure', '["ai-disclosure","crisis-protocol","human-oversight","no-ai-therapy-representation"]'::jsonb, '{}'::jsonb, 'state-matrix sec 10 R6-SR-100 strictest common denominator', true),
  ('floor', 1, 'auto-renewal', '["affirmative-consent-disclosure","one-step-cancellation","renewal-reminder","strictest-state-standard"]'::jsonb, '{}'::jsonb, 'state-matrix sec 7 R6-SR-070 strictest-state standard', true),
  ('floor', 1, 'biometrics', '["no-biometric-enrollment-default"]'::jsonb, '{}'::jsonb, 'state-matrix sec 9 R6-SR-090 no-voiceprint default', true),
  ('floor', 1, 'chd-rights', '["chd-geofence-ban","chd-opt-in","chd-privacy-policy","chd-sale-separate-authorization"]'::jsonb, '{}'::jsonb, 'state-matrix sec 2 Virtual: SB 370 as national floor (R6-SR-020..022)', true),
  ('floor', 1, 'cpom', '["counsel-structure-review"]'::jsonb, '{}'::jsonb, 'state-matrix sec 11 R6-SR-110 counsel', true),
  ('floor', 1, 'erx-epcs-pdmp', '["epcs-two-factor","prescriber-state-rules"]'::jsonb, '{}'::jsonb, 'state-matrix sec 5 Virtual: federal EPCS everywhere', true),
  ('floor', 1, 'genetic-authorization', '["employer-carve-out","genetic-partition","gipa-written-authorization"]'::jsonb, '{}'::jsonb, 'state-matrix sec 3 Virtual: GIPA-grade regardless of patient state (R6-SR-030..032)', true),
  ('floor', 1, 'minors-part2', '["part2-segmentation-ready","strictest-minor-confidentiality"]'::jsonb, '{}'::jsonb, 'state-matrix sec 12 R6-SR-120/121', true),
  ('floor', 1, 'recording-consent', '["all-party-consent"]'::jsonb, '{}'::jsonb, 'state-matrix sec 1 all-party default everywhere', true),
  ('floor', 1, 'records-consent', '[]'::jsonb, '{}'::jsonb, 'state-matrix sec 4 cascade per state', true),
  ('floor', 1, 'retention', '["legal-hold-override","minor-extended-retention","per-state-retention-clock"]'::jsonb, '{}'::jsonb, 'state-matrix sec 8 R6-SR-080 longest applicable', true),
  ('floor', 1, 'telehealth-licensure', '["hard-block-unlicensed","patient-presence-state-licensure"]'::jsonb, '{}'::jsonb, 'state-matrix sec 6 Virtual: patient-presence state governs (R6-SR-060)', true),
  ('IL', 1, 'ai-disclosure', '["ai-disclosure","human-oversight","no-ai-therapy-representation"]'::jsonb, '{}'::jsonb, 'state-matrix sec 10 IL WOPR HB 1806', true),
  ('IL', 1, 'auto-renewal', '["affirmative-consent-disclosure","renewal-reminder"]'::jsonb, '{}'::jsonb, 'state-matrix sec 7 815 ILCS 601', true),
  ('IL', 1, 'biometrics', '["bipa-written-release","retention-destruction-schedule"]'::jsonb, '{}'::jsonb, 'state-matrix sec 9 BIPA 740 ILCS 14', true),
  ('IL', 1, 'chd-rights', '[]'::jsonb, '{}'::jsonb, 'state-matrix sec 2 IL: no standalone CHD statute', true),
  ('IL', 1, 'cpom', '["counsel-structure-review","pc-mso-split"]'::jsonb, '{}'::jsonb, 'state-matrix sec 11 IL CPOM', true),
  ('IL', 1, 'erx-epcs-pdmp', '["epcs-two-factor","erx-mandate","pdmp-check","prescriber-state-rules"]'::jsonb, '{}'::jsonb, 'state-matrix sec 5 IL EPCS mandate', true),
  ('IL', 1, 'genetic-authorization', '["employer-carve-out","genetic-partition","gipa-written-authorization"]'::jsonb, '{}'::jsonb, 'state-matrix sec 3 GIPA 410 ILCS 513', true),
  ('IL', 1, 'minors-part2', '[]'::jsonb, '{}'::jsonb, 'state-matrix sec 12 R6-SR-121 per-state config', true),
  ('IL', 1, 'recording-consent', '["all-party-consent"]'::jsonb, '{}'::jsonb, 'state-matrix sec 1 720 ILCS 5/14', true),
  ('IL', 1, 'records-consent', '["hipaa-authorization","mh-heightened-consent"]'::jsonb, '{}'::jsonb, 'state-matrix sec 4 740 ILCS 110', true),
  ('IL', 1, 'retention', '["legal-hold-override","minor-extended-retention","per-state-retention-clock"]'::jsonb, '{"retention-years-adult":10}'::jsonb, 'state-matrix sec 8 IL adult records ~10yr', true),
  ('IL', 1, 'telehealth-licensure', '["hard-block-unlicensed","patient-presence-state-licensure"]'::jsonb, '{}'::jsonb, 'state-matrix sec 6 IL licensure', true),
  ('MN', 1, 'ai-disclosure', '["ai-disclosure"]'::jsonb, '{}'::jsonb, 'state-matrix sec 10 MCDPA + consumer protection', true),
  ('MN', 1, 'auto-renewal', '["affirmative-consent-disclosure","one-step-cancellation","renewal-reminder"]'::jsonb, '{}'::jsonb, 'state-matrix sec 7 MN auto-renewal (beyond ROSCA)', true),
  ('MN', 1, 'biometrics', '["biometric-consent"]'::jsonb, '{}'::jsonb, 'state-matrix sec 9 MCDPA biometric', true),
  ('MN', 1, 'chd-rights', '["chd-opt-in"]'::jsonb, '{}'::jsonb, 'state-matrix sec 2 MCDPA sensitive data', true),
  ('MN', 1, 'cpom', '["counsel-structure-review"]'::jsonb, '{}'::jsonb, 'state-matrix sec 11 MN CPOM nuances', true),
  ('MN', 1, 'erx-epcs-pdmp', '["epcs-two-factor","erx-mandate","pdmp-check","prescriber-state-rules"]'::jsonb, '{}'::jsonb, 'state-matrix sec 5 Minn. Stat. sec 62J.497', true),
  ('MN', 1, 'genetic-authorization', '["genetic-informed-consent"]'::jsonb, '{}'::jsonb, 'state-matrix sec 3 MHRA + MN genetic provisions', true),
  ('MN', 1, 'minors-part2', '[]'::jsonb, '{}'::jsonb, 'state-matrix sec 12 R6-SR-121 per-state config', true),
  ('MN', 1, 'recording-consent', '["one-party-consent"]'::jsonb, '{}'::jsonb, 'state-matrix sec 1 Minn. Stat. sec 626A.02 (floor lifts to all-party)', true),
  ('MN', 1, 'records-consent', '["consent-expiry","written-consent"]'::jsonb, '{"consent-expiry-days":365}'::jsonb, 'state-matrix sec 4 MHRA secs 144.291-.298 + sec 144.2925', true),
  ('MN', 1, 'retention', '["legal-hold-override","minor-extended-retention","per-state-retention-clock"]'::jsonb, '{"retention-years-adult":7}'::jsonb, 'state-matrix sec 8 MN ~7yr', true),
  ('MN', 1, 'telehealth-licensure', '["hard-block-unlicensed","patient-presence-state-licensure"]'::jsonb, '{}'::jsonb, 'state-matrix sec 6 MN license or compact', true),
  ('NV', 1, 'ai-disclosure', '["ai-disclosure","no-ai-therapy-representation"]'::jsonb, '{}'::jsonb, 'state-matrix sec 10 NV AB 406', true),
  ('NV', 1, 'auto-renewal', '["affirmative-consent-disclosure","one-step-cancellation"]'::jsonb, '{}'::jsonb, 'state-matrix sec 7 NRS 598.2807', true),
  ('NV', 1, 'biometrics', '["biometric-consent"]'::jsonb, '{}'::jsonb, 'state-matrix sec 9 NV privacy provisions', true),
  ('NV', 1, 'chd-rights', '["chd-geofence-ban","chd-opt-in","chd-privacy-policy","chd-sale-separate-authorization"]'::jsonb, '{}'::jsonb, 'state-matrix sec 2 NV SB 370', true),
  ('NV', 1, 'cpom', '["counsel-structure-review","pc-mso-split"]'::jsonb, '{}'::jsonb, 'state-matrix sec 11 NV CPOM', true),
  ('NV', 1, 'erx-epcs-pdmp', '["epcs-two-factor","erx-mandate","pdmp-check","prescriber-state-rules"]'::jsonb, '{}'::jsonb, 'state-matrix sec 5 NV Board of Pharmacy + federal EPCS', true),
  ('NV', 1, 'genetic-authorization', '["genetic-informed-consent"]'::jsonb, '{}'::jsonb, 'state-matrix sec 3 GINA + NV genetic-privacy', true),
  ('NV', 1, 'minors-part2', '[]'::jsonb, '{}'::jsonb, 'state-matrix sec 12 R6-SR-121 per-state config', true),
  ('NV', 1, 'recording-consent', '["all-party-consent"]'::jsonb, '{}'::jsonb, 'state-matrix sec 1 NRS 200.620', true),
  ('NV', 1, 'records-consent', '["hipaa-authorization"]'::jsonb, '{}'::jsonb, 'state-matrix sec 4 NRS 629', true),
  ('NV', 1, 'retention', '["legal-hold-override","minor-extended-retention","per-state-retention-clock"]'::jsonb, '{"retention-years-adult":5}'::jsonb, 'state-matrix sec 8 NRS 629.051', true),
  ('NV', 1, 'telehealth-licensure', '["hard-block-unlicensed","patient-presence-state-licensure"]'::jsonb, '{}'::jsonb, 'state-matrix sec 6 NV licensure', true),
  ('unknown', 1, 'ai-disclosure', '["ai-disclosure","crisis-protocol","human-oversight","no-ai-therapy-representation"]'::jsonb, '{}'::jsonb, 'state-matrix sec 10 strictest common denominator', true),
  ('unknown', 1, 'auto-renewal', '["affirmative-consent-disclosure","one-step-cancellation","renewal-reminder","strictest-state-standard"]'::jsonb, '{}'::jsonb, 'state-matrix sec 7 strictest state', true),
  ('unknown', 1, 'biometrics', '["bipa-written-release","no-biometric-enrollment-default","retention-destruction-schedule"]'::jsonb, '{}'::jsonb, 'state-matrix sec 9 strictest = BIPA', true),
  ('unknown', 1, 'chd-rights', '["chd-geofence-ban","chd-opt-in","chd-privacy-policy","chd-sale-separate-authorization"]'::jsonb, '{}'::jsonb, 'state-matrix sec 0.2 safe default: opt-in', true),
  ('unknown', 1, 'cpom', '["counsel-structure-review","pc-mso-split"]'::jsonb, '{}'::jsonb, 'state-matrix sec 11 restrictive', true),
  ('unknown', 1, 'erx-epcs-pdmp', '["epcs-two-factor","erx-mandate","jurisdiction-unverified-hard-block","pdmp-check"]'::jsonb, '{}'::jsonb, 'state-matrix sec 5 unknown prescribing jurisdiction blocks', true),
  ('unknown', 1, 'genetic-authorization', '["employer-carve-out","genetic-partition","gipa-written-authorization"]'::jsonb, '{}'::jsonb, 'state-matrix sec 3 strictest = GIPA', true),
  ('unknown', 1, 'minors-part2', '["part2-segmentation-ready","strictest-minor-confidentiality"]'::jsonb, '{}'::jsonb, 'state-matrix sec 12 strictest applicable', true),
  ('unknown', 1, 'recording-consent', '["all-party-consent"]'::jsonb, '{}'::jsonb, 'state-matrix sec 0.2 safe default: all-party', true),
  ('unknown', 1, 'records-consent', '["consent-expiry","written-consent"]'::jsonb, '{"consent-expiry-days":365}'::jsonb, 'state-matrix sec 4 strictest = MHRA', true),
  ('unknown', 1, 'retention', '["legal-hold-override","minor-extended-retention","per-state-retention-clock"]'::jsonb, '{"retention-years-adult":10}'::jsonb, 'state-matrix sec 8 longest applicable (IL 10yr)', true),
  ('unknown', 1, 'telehealth-licensure', '["hard-block-unlicensed","jurisdiction-unverified-hard-block","patient-presence-state-licensure"]'::jsonb, '{}'::jsonb, 'state-matrix sec 6 unverifiable licensure blocks (R6-SR-003)', true)
ON CONFLICT (jurisdiction, pack_version, topic) DO UPDATE
SET obligations = EXCLUDED.obligations,
    scalars = EXCLUDED.scalars,
    source_ref = EXCLUDED.source_ref,
    synthetic = EXCLUDED.synthetic;
-- jurisdiction:generated:end

-- R6-SR-001 (M01 slice): synthetic location-capture facts. The
-- synthetic-visit-0001 context is the standing divergence pair (booking NV,
-- visit-start IL -- both retained with timestamps); synthetic-visit-0002 is
-- the non-diverged control; synthetic-visit-0003 is the unknown-location
-- case (state_code NULL) that the resolver must fail safe on.
INSERT INTO platform_core.location_capture
  (tenant_id, capture_id, context_ref, stage, state_code, captured_at, source, synthetic)
VALUES
  ('northwind-synthetic', 'cap-visit-0001-booking', 'synthetic-visit-0001', 'booking',
   'NV', '2026-01-05T09:00:00Z', 'synthetic-portal-booking', true),
  ('northwind-synthetic', 'cap-visit-0001-visit-start', 'synthetic-visit-0001', 'visit-start',
   'IL', '2026-01-12T14:30:00Z', 'synthetic-visit-checkin', true),
  ('northwind-synthetic', 'cap-visit-0002-booking', 'synthetic-visit-0002', 'booking',
   'FL', '2026-01-06T10:00:00Z', 'synthetic-portal-booking', true),
  ('northwind-synthetic', 'cap-visit-0002-visit-start', 'synthetic-visit-0002', 'visit-start',
   'FL', '2026-01-13T11:00:00Z', 'synthetic-visit-checkin', true),
  ('northwind-synthetic', 'cap-visit-0003-booking', 'synthetic-visit-0003', 'booking',
   NULL, '2026-01-07T08:15:00Z', 'synthetic-phone-intake', true),
  ('riverbend-synthetic', 'cap-visit-9001-booking', 'synthetic-visit-9001', 'booking',
   'IL', '2026-01-08T09:45:00Z', 'synthetic-portal-booking', true)
ON CONFLICT (tenant_id, capture_id) DO UPDATE
SET context_ref = EXCLUDED.context_ref,
    stage = EXCLUDED.stage,
    state_code = EXCLUDED.state_code,
    captured_at = EXCLUDED.captured_at,
    source = EXCLUDED.source,
    synthetic = EXCLUDED.synthetic;
